88195,衢州市,衢州市原城关中学,28.91377158861885,118.51569565477179
88357,衢州市,衢州市常山定阳小区,28.90153766350018,118.52038800031349
92170,衢州市,衢州市柯城航埠何双蓬村,28.998535292057788,118.81300295479716
88744,衢州市,衢州市龙游横山河宗村,29.21996046212665,119.22054896372182
88519,衢州市,衢州市开化华埠华民村,29.034344070343515,118.3627167408302
88294,衢州市,衢州市常山滨江小区东,29.139237738295424,118.42288690842875
89457,衢州市,衢州市湖镇恒达纸业,29.05510089808109,119.30690989948934
88456,衢州市,衢州市江山贺村山底村,28.656323063415424,118.48040803865557
88906,衢州市,衢州市开化城关黎明村,29.18993794143037,118.33165006627124
91413,衢州市,衢州市开化城关新安,29.18993794143037,118.33165006627124
92126,衢州市,衢州市龙游谷水路商住区,29.032828132601104,119.1781562711429
88393,衢州市,衢州市南区三村,28.731953571426782,118.63142718504298
88618,衢州市,衢州市龙游清风雅苑,29.024786578106287,119.1762767644911
88843,衢州市,衢州市江山峡口柴村村,28.581969944140962,118.60708619901152
91512,衢州市,衢州市龙游义和巷综合小区,28.997079389241737,119.19866420604271
88065,衢州市,衢州市常山同弓关庄桥村(原杜亭畈村),28.896012523041872,118.432675379754
88555,衢州市,衢州市龙游人民医院,29.04082781924816,119.18418241262063
218001,衢州市,衢州市柯城花园上洋村,28.929778841811373,118.90234745991127
89268,衢州市,衢州市柯城世纪锋尚小区,28.943509843495985,118.90338465602903
88942,衢州市,衢州市开化苏庄苏庄村,29.195703328889916,118.13165156315398
92225,衢州市,衢州市衢江云溪下岩头村,29.004390499932693,118.95409326005019
88654,衢州市,衢州市龙游龙游大酒店,29.03644932304321,119.1847370264423
88227,衢州市,衢州市环城西路,29.028167760840702,119.17201074126972
92019,衢州市,衢州市衢江高家松旺村,29.001079131355848,119.01394774602483
91611,衢州市,衢州市常山东案高峰村(原淤里村),29.02357884955128,118.47576884495255
88164,衢州市,衢州市常山青石水南村(原高铺村),28.908284194836344,118.5783940798714
199054,衢州市,衢州市江山凤林英岸村,28.569068033095707,118.51170608237607
88717,衢州市,衢州市龙游詹家山后村,29.02506784192182,119.05360162547767
88591,衢州市,衢州市龙游银泰龙庭,29.051449004317906,119.18255730339426
89367,衢州市,衢州市柯城石室雍景柯苑,28.998535292057788,118.81300295479716
88000,衢州市,衢州市常山桃园小区西,28.904669697263387,118.52377191716846
89529,衢州市,衢州市通顺科技集团有限公司,28.95691044753569,118.87584165150854
88816,衢州市,衢州市江山清湖清湖一村,28.67518774649016,118.60995532171641
88492,衢州市,衢州市开化华埠医院弄小区,29.017693189642134,118.35865141702577
88753,衢州市,衢州市龙游塔石何明村,28.997079389241737,119.19866420604271
88326,衢州市,衢州市常山紫港富足山村(原富足山村),28.89943422210615,118.55198774353265
92118,衢州市,衢州市龙游义和巷人民医院老宿舍,29.042405383856195,119.18264855775946
91710,衢州市,衢州市江山贺村敖坪村,28.6703592258346,118.54094575873306
88263,衢州市,衢州市文溪小学,28.95691044753569,118.87584165150854
89466,衢州市,衢州市小蔡电脑商行,28.682755446278673,118.99486509148949
88690,衢州市,衢州市龙游东华岩头村,28.990771166084528,119.22626178522083
88362,衢州市,衢州市常山城南小区,28.898893305214955,118.51998466113965
88425,衢州市,衢州市三桥,28.707365688828048,118.60167925910658
88852,衢州市,衢州市江山峡口同桥村,28.468626141132674,118.49211014146233
88915,衢州市,衢州市开化金村金村村,29.18470127245561,118.48385888466083
89075,衢州市,衢州市南湖世家商住区,28.95691044753569,118.87584165150854
89237,衢州市,衢州市龙游模环凤基坤村,29.08946399590618,119.232697412977
88524,衢州市,衢州市开化华埠昌谷村,29.037422670265855,118.34843592899004
89336,衢州市,衢州市柯城航埠长泽街村,28.92868677347255,118.78957743360031
88236,衢州市,衢州市交警队,28.95691044753569,118.87584165150854
90928,衢州市,衢州市城南开化教师进修学校,29.140685533992382,118.40970867677117
88461,衢州市,衢州市江山贺村富益村,28.6703592258346,118.54094575873306
88623,衢州市,衢州市龙游华西园,29.033695154038064,119.1754706071606
89174,衢州市,衢州市龙游社阳大公村,28.90347153131946,119.33497338761198
88137,衢州市,衢州市常山青石塘边村(原塘边村),28.92845922610003,118.63727630104715
88951,衢州市,衢州市开化池淮石门村,29.102513698573134,118.24182734244116
88560,衢州市,衢州市龙游广信大厦,29.042885121067478,119.18260184407634
89435,衢州市,衢州市城南钱江之星大酒店,29.120295278601375,118.41263430510428
88173,衢州市,衢州市贝林医院边商住区,28.758133610522574,118.65008894302329
89273,衢州市,衢州市柯城梅花苑小区,28.998535292057788,118.81300295479716
88722,衢州市,衢州市龙游詹家芝溪家园,28.997079389241737,119.19866420604271
88335,衢州市,衢州市常山大桥头客弄村(原客弄村),28.971103601851542,118.63587721087684
88272,衢州市,衢州市江山双塔陈村村,28.581969944140962,118.60708619901152
88434,衢州市,衢州市民兵训练基地,28.953235924516715,118.91160831419035
89372,衢州市,衢州市衢江樟潭金盾驾校,28.979330177734003,118.94246878521236
88371,衢州市,衢州市常山桑园小区双号,28.905019890962652,118.5255110366352
90838,衢州市,衢州市江山市君度商务酒店有限公司,28.719419332430967,118.62008023450592
199059,衢州市,衢州市江山凤林凤里村,28.52517052596004,118.50647896208987
216677,衢州市,衢州市柯城世嘉花园小区,28.948981509557015,118.90120690476158
89309,衢州市,衢州市衢江峡川五丰山村,29.120122809086478,119.01680544719021
88821,衢州市,衢州市江山清湖清泉村,28.66919753856633,118.612434670974
88632,衢州市,衢州市龙游人民路龙港商住楼,29.033363947313138,119.17282548640088
89471,衢州市,衢州市雪荣医院,28.947332812344044,118.88086124345928
88533,衢州市,衢州市开化马金荆塘村,29.18993794143037,118.33165006627124
89246,衢州市,衢州市龙游模环清塘村,29.12908993915886,119.21720882398925
198954,衢州市,衢州市柯城九华下童村,29.059535790898735,118.88193329203419
89534,衢州市,衢州市芝麻开门电子商务有限公司,28.95691044753569,118.87584165150854
89147,衢州市,衢州市衢江后溪江滨村,28.94198308729938,118.93904421103383
89084,衢州市,衢州市翰林苑,28.976304793191357,118.88077819960643
88348,衢州市,衢州市常山天马周塘村(原周塘村),28.879637822505337,118.51022204933508
88920,衢州市,衢州市开化城关凤栖花苑小区,29.131772134413684,118.41523676174212
88470,衢州市,衢州市江山贺村东山头村,28.6703592258346,118.54094575873306
89507,衢州市,衢州市柯城区政府,28.974307636712695,118.87797282563531
89408,衢州市,衢州市衢江樟潭御景湾,28.987674559173698,118.97176015994974
216166,衢州市,衢州市毛家岭看守所,28.998244852230915,118.89689651512937
88609,衢州市,衢州市龙游面粉厂宿舍商住区,28.997079389241737,119.19866420604271
89282,衢州市,衢州市柯城嘉城苑小区,28.939084153883705,118.88240691732604
88447,衢州市,衢州市江山大桥仕阳尾村,28.724852367381743,118.63207986597884
89345,衢州市,衢州市衢江全旺岩头村,28.915113155912493,119.04157525144971
88731,衢州市,衢州市龙游石佛杜山坞村,29.171840915822024,119.11759345061284
90937,衢州市,衢州市华埠开化县月明建材,29.021189317068043,118.35996599730863
89183,衢州市,衢州市龙游湖镇隔塘村,29.06143792444407,119.24059895046052
198994,衢州市,衢州市开化马金金溪村,29.306875928253017,118.42299479492046
199053,衢州市,衢州市江山凤林中岗村,28.547066553151616,118.53108776215457
217969,衢州市,衢州市常山辉埠童家村(原童家村),28.951849472588698,118.51121336360062
91417,衢州市,衢州市开化张湾中畈村,29.144121477340192,118.19525925578542
89255,衢州市,衢州市龙游小南海鸿陆夏村,29.06016213632635,119.17921577128816
91701,衢州市,衢州市江山贺村溪淤村,28.6703592258346,118.54094575873306
92067,衢州市,衢州市工商大楼,28.95691044753569,118.87584165150854
91516,衢州市,衢州市龙游锦绣龙城,29.040838759924643,119.18818811678668
88641,衢州市,衢州市龙游新华书店,29.039998887001843,119.18739304634278
89354,衢州市,衢州市衢江全旺虹桥头村,28.888726034520168,119.06081889131546
91800,衢州市,衢州市柯城姜家山姜兴村,28.97280736869544,118.83131812705724
90902,衢州市,衢州市城北开化钱江源规划设计院,28.976676939996736,118.87997071278379
88740,衢州市,衢州市龙游塔石何明村何村自然村,29.1292175472317,119.15914077033423
89453,衢州市,衢州市广银大酒店,29.03359800061146,119.18000205360926
91615,衢州市,衢州市常山芳村东源村(原溪源山村),29.183530607059897,118.76070026663515
88004,衢州市,衢州市常山沙洲小区,28.909041894605156,118.5246396802908
91714,衢州市,衢州市常山金川胡家淤村(原上淤村),28.949812303461215,118.46602614408961
199058,衢州市,衢州市江山凤林游溪村,28.55553329820909,118.47069429646734
92080,衢州市,衢州市亭川北小区,28.95691044753569,118.87584165150854
88919,衢州市,衢州市开化城关实验小学,29.18993794143037,118.33165006627124
88103,衢州市,衢州市常山球川球川村(原溪边村),28.865364531365,118.32640072210884
91426,衢州市,衢州市开化大溪边大溪边村,29.304965856895812,118.55401310266024
91813,衢州市,衢州市柯城双港叶家村,28.938273363121922,118.86690970999521
92179,衢州市,衢州市柯城双港百家塘村,28.938273363121922,118.86690970999521
88202,衢州市,衢州市鹿溪中路商住区,28.745805474462337,118.63803095762447
91525,衢州市,衢州市龙游龙翔华庭小区,28.997079389241737,119.19866420604271
91912,衢州市,衢州市衢江浮石浮石小区,28.94198308729938,118.93904421103383
90911,衢州市,衢州市城南开化县规划建设局人防办,29.18993794143037,118.33165006627124
91624,衢州市,衢州市常山何家黄冈村(原黄岗村),28.942755873156315,118.40182567402525
88400,衢州市,衢州市万商装饰城,28.95691044753569,118.87584165150854
88301,衢州市,衢州市常山阳光明都,28.97366615553213,118.54767046744729
92089,衢州市,衢州市开化城关社保邮政大楼区,29.18993794143037,118.33165006627124
91723,衢州市,衢州市常山青石阁底村(原上阁村),28.97366615553213,118.54767046744729
91822,衢州市,衢州市柯城石梁黄茶村,29.025509407100966,118.79881940998911
198962,衢州市,衢州市柯城九华凉棚村,29.107832316353637,118.84466404181109
92188,衢州市,衢州市柯城七里大头村,29.154480059490783,118.76838525949078
92207,衢州市,衢州市东武街商住区,28.964039835895196,118.88147947976867
91921,衢州市,衢州市衢江莲花北苑小区,28.94198308729938,118.93904421103383
90924,衢州市,衢州市城南开化县鼎鑫商务宾馆,29.12901769376699,118.41445116123491
88146,衢州市,衢州市常山青石新站村(原新站村),28.912300379722456,118.58671480353625
88245,衢州市,衢州市江东五区,28.72869197174121,118.63999091831433
92058,衢州市,衢州市衢江仙岩路,28.963109532083116,118.94407589688782
91404,衢州市,衢州市开化城关南湖花园,29.136660885443167,118.41192135146193
198929,衢州市,衢州市曙光北路商业区,28.939717279337593,118.86563994797083
90834,衢州市,衢州市家简城厨酒店,28.95691044753569,118.87584165150854
88344,衢州市,衢州市常山金川十里山村(原十里山村),28.88474291130811,118.48046163964702
90933,衢州市,衢州市城南开化天都宾馆,29.13737512675003,118.4116028132265
92037,衢州市,衢州市柯城新新凯旋路,28.998535292057788,118.81300295479716
198948,衢州市,衢州市柯城九华溪淤村,29.07384896501418,118.8543492340536
88443,衢州市,衢州市江山大桥葩坞村,28.724852367381743,118.63207986597884
91503,衢州市,衢州市开化马金徐塘村,29.306875928253017,118.42299479492046
216360,衢州市,衢州市江山邦尔骨科医院有限公司,28.706966428113653,118.61055495861024
91602,衢州市,衢州市常山芳村大处村(原大处村),29.042123290220385,118.64123895841315
88542,衢州市,衢州市开化马金霞山村,29.336147280110247,118.41505530133425
92216,衢州市,衢州市衢江莲花里黄村,29.09166650796707,119.07032567918544
199051,衢州市,衢州市江山凤林凤溪村,28.521191139456263,118.50634140007566
89156,衢州市,衢州市龙游塔石泽随村,29.133649618598568,119.10168522539267
92212,衢州市,衢州市衢江莲花十里丰监狱三大队,29.097810174118184,119.0652298516393
88582,衢州市,衢州市龙游龙游中学,29.04248590039036,119.19618907423248
91478,衢州市,衢州市开化音坑下淤村,29.19476217880861,118.41369235448613
89295,衢州市,衢州市衢江杜泽田边村,28.94198308729938,118.93904421103383
198921,衢州市,衢州市永盛路仓库区,28.9196012758157,118.85764602425718
91577,衢州市,衢州市常山辉埠辉埠村(原下辉埠村),28.966216592053087,118.4736739165548
90864,衢州市,衢州市江山市农村信用合作社联合社营业部,28.581969944140962,118.60708619901152
199003,衢州市,衢州市常山招贤古县村(原外方山村),28.93548241632192,118.69214602327396
88681,衢州市,衢州市龙游龙洲渡贤头村,28.94042591008529,119.16330741042387
91739,衢州市,衢州市江山党校商住区,28.581969944140962,118.60708619901152
89089,衢州市,衢州市衢州农行,28.95691044753569,118.87584165150854
89394,衢州市,衢州市衢江樟潭戚家村,28.983877410278343,118.9518200620257
88088,衢州市,衢州市常山球川常周村(原常周村),28.87219003647858,118.39030842811948
216150,衢州市,衢州市国际大酒店有限责任公司,28.95691044753569,118.87584165150854
92063,衢州市,衢州市西江月小区,28.95691044753569,118.87584165150854
89493,衢州市,衢州市荣峰宾馆,28.958157687358707,118.88339457548815
91676,衢州市,衢州市江山电信大楼,28.755133283190712,118.64933346808965
89188,衢州市,衢州市龙游湖镇洪畈胡家自然村,29.04639613615213,119.11811239721425
216148,衢州市,衢州市江山市财政局,28.746644630587927,118.63881814004768
88780,衢州市,衢州市江山新塘边日月村,28.436653673144818,118.52913316614523
91838,衢州市,衢州市柯城石梁塘公村,29.025509407100966,118.79881940998911
91388,衢州市,衢州市江山上余方家村,28.767529180117585,118.72705756019533
91775,衢州市,衢州市柯城华墅水阁村,28.88979540227344,118.73878798837143
92162,衢州市,衢州市柯城航埠安里村,28.947444173846705,118.7523605653681
91937,衢州市,衢州市衢江浮石浮石村,28.94198308729938,118.93904421103383
91487,衢州市,衢州市开化音坑明廉村,29.226367958257562,118.42742119531941
92261,衢州市,衢州市柯城东港绿川路,28.93656464651725,118.96354142180768
91874,衢州市,衢州市百岁苑,28.95989048929746,118.87708305223136
92139,衢州市,衢州市常山新昌新昌村(原新锋村),29.07709285741099,118.60222093732892
91649,衢州市,衢州市常山球川东山村(原新屋村),28.83153324362458,118.3451304719349
90873,衢州市,衢州市江山市德隆宾馆,28.659059410558392,118.52536012130957
92036,衢州市,衢州市柯城东港诸家村,28.941361911135125,118.97484511713785
89098,衢州市,衢州市司法局宿舍,28.95691044753569,118.87584165150854
87998,衢州市,衢州市常山红旗街贝林房产,28.90787181292105,118.52352923993502
91422,衢州市,衢州市开化村头石畈村,28.95691044753569,118.87584165150854
91586,衢州市,衢州市常山辉埠鸭坞村(原鸭坞村),28.98969957148229,118.48194050653302
92135,衢州市,衢州市龙游詹家徐家村,29.025770361126003,119.13880343183247
217974,衢州市,衢州市开化华埠龙山底新工业园区一期华埠侧,29.016885468974852,118.35865438143395
91973,衢州市,衢州市荒淤埂村,28.859402982977457,118.99074077326732
91847,衢州市,衢州市柯城万田姚家村,28.962099481472656,118.77043672876631
91685,衢州市,衢州市江东五区,28.72869197174121,118.63999091831433
91748,衢州市,衢州市柯城航埠邵家村,28.9457879346797,118.74673371619788
92234,衢州市,衢州市衢江云溪樟戴街村,29.042775462873678,118.96504443334919
90949,衢州市,衢州市城西红海、红泰宾馆等,28.95691044753569,118.87584165150854
92049,衢州市,衢州市柯城东港旺村村,28.998535292057788,118.81300295479716
91946,衢州市,衢州市衢江杜泽十里丰塔山监区,28.898010196444893,118.98164452898138
91620,衢州市,衢州市常山何家江源村(原江源村),28.961087097304436,118.44401266632042
90886,衢州市,衢州市城南开化商贸城小富宾馆,29.142788693219583,118.40646759049224
91521,衢州市,衢州市龙游光华厂生活区,28.997079389241737,119.19866420604271
91784,衢州市,衢州市柯城华墅务龙底村,28.88979540227344,118.73878798837143
91599,衢州市,衢州市常山芳村前进村(原前进村),29.03418518557283,118.642975728811
92148,衢州市,衢州市常山芳村井河村(原井河村),29.089530026560034,118.66284630866822
91883,衢州市,衢州市下营街,28.96937405241561,118.87394416078043
91698,衢州市,衢州市国际大酒店,28.95691044753569,118.87584165150854
91982,衢州市,衢州市柯城花园缸窑村,28.888448867133278,118.89825401195796
92005,衢州市,衢州市衢江高家坎高村,28.94198308729938,118.93904421103383
92104,衢州市,衢州市龙游溪口双港口村,28.870664108574033,119.21169672616146
91797,衢州市,衢州市柯城白云官庄畈新村,28.979777790515485,118.84626840557002
92203,衢州市,衢州市柯城万田山坑村,29.033973143318768,118.8914116161958
88186,衢州市,衢州市文化广场,28.95691044753569,118.87584165150854
90958,衢州市,衢州市衢江区会计核算中心[衢县检察院院],28.961250238287235,118.88023921630062
90859,衢州市,衢州市江山市国土资源局,28.75162698553668,118.64608429706115
218002,衢州市,衢州市柯城花园平园村,28.998535292057788,118.81300295479716
92140,衢州市,衢州市常山芳村芳村村(原西山村),29.05778524707645,118.61652683435044
90895,衢州市,衢州市城南开化根博园,29.18993794143037,118.33165006627124
91959,衢州市,衢州市衢江云溪枫树塘村,29.038289309523282,118.94366816949157
88285,衢州市,衢州市江山虎山江山底村,28.759028574117515,118.61555985248623
91896,衢州市,衢州市博物馆,29.029946087579972,119.190972164985
92041,衢州市,衢州市衢江樟潭滨港中路东,28.983877410278343,118.9518200620257
91995,衢州市,衢州市柯城黄家宣家村,28.90320970077831,118.85370677493613
215182,衢州市,衢州市中梁首府小区,28.95691044753569,118.87584165150854
89097,衢州市,衢州市伊甸苑三区、四区,28.97235415542005,118.88454272850585
199032,衢州市,衢州市常山新昌黄塘村(原黄塘村),29.114398990718986,118.59589904223671
92113,衢州市,衢州市柯城松园东区小区,28.951968229971225,118.87964637059646
88384,衢州市,衢州市永泰里小区,28.95691044753569,118.87584165150854
88483,衢州市,衢州市江山坛石郭丰村,28.71618992781513,118.50780539102242
91869,衢州市,衢州市东方商厦,28.958214371392554,118.88095267928219
88178,衢州市,衢州市明珠城小区,28.95691044753569,118.87584165150854
92014,衢州市,衢州市衢江高家后方村,29.016454643685478,119.0081973052877
198944,衢州市,衢州市柯城裕丰花园小区,28.998535292057788,118.81300295479716
92050,衢州市,衢州市柯城东港春苑中路,28.998535292057788,118.81300295479716
89196,衢州市,衢州市龙游湖镇大坪村,29.023760463394233,119.3227702225682
91968,衢州市,衢州市衢江廿里青处村,28.877030037243095,118.8418501303444
198986,衢州市,衢州市开化桐村裴源村,29.008501382178032,118.26189634091766
91400,衢州市,衢州市开化城关新凉亭小区,29.18993794143037,118.33165006627124
91379,衢州市,衢州市江山双塔坳里村,28.79296830746461,118.6384780550563
88765,衢州市,衢州市江山新塘边达路边村,28.436653673144818,118.52913316614523
89030,衢州市,衢州市开化桐村严村,29.008501382178032,118.26189634091766
88031,衢州市,衢州市常山辉埠宋畈村(原新江村),28.996604516181595,118.53847074290127
217988,衢州市,衢州市垮境电子商务产业园,28.95691044753569,118.87584165150854
88601,衢州市,衢州市龙游清水湾大酒店,28.997079389241737,119.19866420604271
88479,衢州市,衢州市十里牌工业园区,28.95691044753569,118.87584165150854
89478,衢州市,衢州市城西派出所,28.96526964275826,118.84951258651142
91741,衢州市,衢州市江山贺村明星村,28.6703592258346,118.54094575873306
91455,衢州市,衢州市柯城体育花苑小区,28.950533761480713,118.89380102530914
88130,衢州市,衢州市常山大桥头浮河村(原花厅村),28.97918034454232,118.64526800684449
90841,衢州市,衢州市江山市千红饭店,28.73037873501393,118.62816982056991
88864,衢州市,衢州市江山石门新群村,28.58321091233027,118.61504597771773
89129,衢州市,衢州市衢江廿里塘底村,28.877030037243095,118.8418501303444
88578,衢州市,衢州市龙游阳光家园,28.997079389241737,119.19866420604271
88067,衢州市,衢州市常山同弓彤弓山(原彤弓山村),28.97366615553213,118.54767046744729
89005,衢州市,衢州市开化音坑儒山村,29.18993794143037,118.33165006627124
88700,衢州市,衢州市龙游罗家马府墩村,28.943417745518957,119.2449102006694
91554,衢州市,衢州市龙游横山下西山村,28.997079389241737,119.19866420604271
91840,衢州市,衢州市柯城柘川柘川村,28.996593786305713,118.8506798446907
88963,衢州市,衢州市开化村头小溪边村,29.17091828887692,119.21491692324408
92267,衢州市,衢州市衢江樟潭芝坑桥村,28.983877410278343,118.9518200620257
199018,衢州市,衢州市常山招贤溪上村(原大麦坞村),28.898189088081978,118.66557080280448
90940,衢州市,衢州市华埠开化县华和五金制品有限公司,29.007689187989396,118.37542490268912
88229,衢州市,衢州市城关幼儿园,28.738383681661187,118.63175901909825
88677,衢州市,衢州市龙游银杏湾小区,28.997079389241737,119.19866420604271
89104,衢州市,衢州市浙通服,28.95691044753569,118.87584165150854
91470,衢州市,衢州市柯城松园西区小区,28.948921994390172,118.87912698921518
89041,衢州市,衢州市开化华埠华埠华园路,29.016885468974852,118.35865438143395
91653,衢州市,衢州市常山青石虹桥村(原虹桥村),28.93706872136141,118.62856727045283
88042,衢州市,衢州市常山辉埠才里村(原豺里村),29.033722692501023,118.56596100970191
88776,衢州市,衢州市江山新塘边爱丰村,28.6271512751244,118.4758760532236
91752,衢州市,衢州市柯城航埠殿前村,28.950338381810184,118.74680551326574
88141,衢州市,衢州市常山青石湖头村(原湖边村),28.93743647895876,118.61749836253883
89203,衢州市,衢州市龙游湖镇历寺村,29.025757484304076,119.30689122461611
89489,衢州市,衢州市白云菜市场,28.95691044753569,118.87584165150854
91466,衢州市,衢州市柯城清莲里小区,28.95293527876731,118.88451748612103
90852,衢州市,衢州市城外城酒店,28.95691044753569,118.87584165150854
89140,衢州市,衢州市衢江廿里六一村.六二村,28.877030037243095,118.8418501303444
88589,衢州市,衢州市龙游唯创博园,28.997079389241737,119.19866420604271
89302,衢州市,衢州市衢江杜泽樟树底村,29.115704021836503,118.97599457090193
88688,衢州市,衢州市龙游东华瑶山村,28.981463817622892,119.21531653085681
88875,衢州市,衢州市江山石门泉塘村,28.593863388908257,118.59112551143626
91851,衢州市,衢州市柯城万田万田村,29.035327172380764,118.8608031405303
89077,衢州市,衢州市清明弄,28.95691044753569,118.87584165150854
91565,衢州市,衢州市常山球川球川村(原荷村村),28.865364531365,118.32640072210884
90951,衢州市,衢州市龙游工商局,29.03116670940288,119.17305725820543
89016,衢州市,衢州市开化林山利平村,29.18993794143037,118.33165006627124
88974,衢州市,衢州市开化大溪边月岭村,29.32831407953396,118.60425998932737
89401,衢州市,衢州市衢江樟潭缪家村,28.991715544182814,119.00073808535238
88240,衢州市,衢州市金椅山庄,28.739804922147815,118.64569739687812
91664,衢州市,衢州市常山青石水南村(原高铺村),28.908284194836344,118.5783940798714
89115,衢州市,衢州市衢江云溪邵宅村,29.046042658171828,118.91683336028913
92278,衢州市,衢州市西区海关大楼,28.95691044753569,118.87584165150854
88787,衢州市,衢州市江山淤头达埂村,28.6224402789361,118.51618743391967
91950,衢州市,衢州市衢江云溪郑村,29.034971267215973,118.97526193269096
89239,衢州市,衢州市龙游模环坞坎村,28.997079389241737,119.19866420604271
91763,衢州市,衢州市柯城航埠三十六亩村,28.973680643561142,118.78969633511419
88053,衢州市,衢州市常山金川上埠村(原鲁里村),28.9266680003725,118.48381309084256
88886,衢州市,衢州市江山石门岭底村,28.573599609266715,118.62389271046192
89214,衢州市,衢州市龙游庙下毛连里村,28.638195024125096,118.46705799798451
89151,衢州市,衢州市衢江后溪上尖村,28.817449807135013,118.76748062362219
89500,衢州市,衢州市衢州大酒店,28.96023825957125,118.88668187419573
89052,衢州市,衢州市柯城万田桥头汪村,29.010917477647425,118.87860144096656
88152,衢州市,衢州市常山青石桥亭村(原桥亭村),28.888564984848152,118.64697349914279
89008,衢州市,衢州市开化音坑什城村,29.109179040441898,118.33203356657003
88009,衢州市,衢州市常山胜利街,28.904477912426973,118.50260744859746
88108,衢州市,衢州市常山球川红旗岗村(原塘岭村),28.846459067354132,118.36043302634312
88251,衢州市,衢州市江山党校商住区,28.581969944140962,118.60708619901152
88985,衢州市,衢州市开化村头长庆村,29.30590316542293,118.5321468311132
89313,衢州市,衢州市衢江峡川后叶村,29.12719894788908,119.00473311315746
91862,衢州市,衢州市南湖府苑,28.959549996725293,118.8821386437754
92146,衢州市,衢州市常山新昌新昌村(原吴家村),29.07709285741099,118.60222093732892
88699,衢州市,衢州市龙游罗家陆村村,28.901042078785558,119.2796388713348
91961,衢州市,衢州市衢江廿里石塘背村,28.877030037243095,118.8418501303444
89412,衢州市,衢州市湖拓垄村,28.95691044753569,118.87584165150854
89250,衢州市,衢州市龙游小南海东塘山村,29.06016213632635,119.17921577128816
88350,衢州市,衢州市常山天马天马村(原铜岭村),28.86003179261675,118.52315165967167
89063,衢州市,衢州市柯城万田田铺村,28.998535292057788,118.81300295479716
92245,衢州市,衢州市柯城衢化孔家凯恩集团别墅,28.881559089823103,118.9122123087642
88106,衢州市,衢州市常山球川西村村(原曹宅村),28.83251376318029,118.31868661337501
88798,衢州市,衢州市江山清湖路口村,28.693405762375054,118.57454864239133
89511,衢州市,衢州市中韩人寿保险,28.95691044753569,118.87584165150854
218000,衢州市,衢州市柯城花园立新村,28.927561235603914,118.89392831430156
88897,衢州市,衢州市开化城关大酒店民政宿舍,29.18993794143037,118.33165006627124
88020,衢州市,衢州市常山金川新都村(原宿村村),28.97366615553213,118.54767046744729
88369,衢州市,衢州市常山县浙西世贸城,28.97366615553213,118.54767046744729
88468,衢州市,衢州市江山淤头通贤村,28.6224402789361,118.51618743391967
88205,衢州市,衢州市湖溪里小区,28.751257269639073,118.64277044803593
88304,衢州市,衢州市常山人民医院,28.904923291375255,118.52591743004778
89118,衢州市,衢州市衢江云溪山头舒村,29.041371423520612,118.90204019181677
89019,衢州市,衢州市开化华埠友谊村,29.064958235447573,118.45121161031904
216358,衢州市,衢州市江山市卫生和计划生育局,28.581969944140962,118.60708619901152
91905,衢州市,衢州市新桥街商住区,28.96532818174058,118.88283439666385
91518,衢州市,衢州市龙游小北门巷,28.997079389241737,119.19866420604271
88948,衢州市,衢州市开化苏庄余村村,29.18993794143037,118.33165006627124
198942,衢州市,衢州市卫生局,28.95691044753569,118.87584165150854
91617,衢州市,衢州市常山芳村前塘村(原塘头村),29.192816964494334,118.70064462131108
199062,衢州市,衢州市江山凤林高坂村,28.495609137369687,118.52143072370505
90904,衢州市,衢州市城北开化县经贸局科技局,29.18993794143037,118.33165006627124
88006,衢州市,衢州市常山人民路小区东,28.97366615553213,118.54767046744729
88759,衢州市,衢州市龙游塔石傅仓村,28.997079389241737,119.19866420604271
91716,衢州市,衢州市常山金川朱家坞村(原朱家坞村),28.940157142706006,118.46910030184891
88105,衢州市,衢州市常山球川芙蓉村(原百兴村),28.835749996235403,118.36966417725222
198955,衢州市,衢州市柯城九华布谷桥头村,29.042704815219462,118.85512890574445
91428,衢州市,衢州市开化村头长庆村,29.30590316542293,118.5321468311132
198995,衢州市,衢州市江山四都傅筑园村,28.85306917364223,118.47720232225777
88858,衢州市,衢州市江山峡口峡北村,28.478876060227332,118.53873928235033
91815,衢州市,衢州市柯城双港汪村村,28.938273363121922,118.86690970999521
88204,衢州市,衢州市城北广场商住区,28.75044103992311,118.64100294211508
88957,衢州市,衢州市开化池淮黄庄村,29.072865915545034,118.34066495841574
91914,衢州市,衢州市衢江浮石徐家坞村,28.985256243274563,118.90200794354728
88303,衢州市,衢州市常山赵家坪农民小区,28.887474416206693,118.51821333742038
91626,衢州市,衢州市常山金川胡家淤村(原中淤村),28.949812303461215,118.46602614408961
91382,衢州市,衢州市江山上余上余村,28.80927273367602,118.67576971530694
91527,衢州市,衢州市龙游香格里拉,28.997079389241737,119.19866420604271
90913,衢州市,衢州市城南开化县岙滩居委会,29.18993794143037,118.33165006627124
92095,衢州市,衢州市开化池淮寺坞村,29.18993794143037,118.33165006627124
88402,衢州市,衢州市农贸城银园,28.72001288284958,118.61592199087787
198968,衢州市,衢州市柯城九华关溪村,29.072889493692994,118.82965862440783
91481,衢州市,衢州市开化音坑戴家村,29.247386798197997,118.45486340996173
217972,衢州市,衢州市开化城南龙山底老工业园区,29.18993794143037,118.33165006627124
91725,衢州市,衢州市常山青石澄潭村(原丁家村),28.922523472780327,118.62619357180455
92194,衢州市,衢州市柯城石梁后塘村,29.025509407100966,118.79881940998911
91824,衢州市,衢州市柯城七里杨坞村,29.13302500697249,118.7871543290473
88970,衢州市,衢州市开化村头兴旺村,28.95691044753569,118.87584165150854
88501,衢州市,衢州市开化杨林云山桥村,29.18993794143037,118.33165006627124
91580,衢州市,衢州市常山紫港后坊村(原后坊村),28.91875025894024,118.51654825719206
88600,衢州市,衢州市龙游龙游交警大队,29.04659179119553,119.178659450686
91923,衢州市,衢州市衢江莲花后黄村,29.12079831278089,119.0572128801012
92293,衢州市,衢州市衢江高家划船塘村,28.97183599699797,119.06978335777636
217987,衢州市,衢州市吾悦广场,28.95691044753569,118.87584165150854
91391,衢州市,衢州市江山上余塘岭三村,28.581969944140962,118.60708619901152
90922,衢州市,衢州市城南开化县金百汇控股有限公司,29.18993794143037,118.33165006627124
92289,衢州市,衢州市柯城石梁珊塘村,29.025509407100966,118.79881940998911
198973,衢州市,衢州市柯城九华上彭川村,28.998535292057788,118.81300295479716
91509,衢州市,衢州市开化何田柴家村,29.32628451887342,118.30665206476692
91490,衢州市,衢州市开化音坑汶川口村,29.19429562191804,118.39235299481545
88939,衢州市,衢州市开化苏庄富户村,29.1879747055353,118.09349595398615
92199,衢州市,衢州市柯城万田上蒋村下蒋村,29.011698959666244,118.86712796230185
199011,衢州市,衢州市常山招贤官庄村(原官庄村),28.94075901614762,118.73101329432079
91608,衢州市,衢州市常山东案弄坞村(原弄坞村),28.95691044753569,118.87584165150854
217975,衢州市,衢州市开化城南龙山底新工业园区二期,29.18993794143037,118.33165006627124
216160,衢州市,衢州市龙游县政府周边店面,29.03456286690736,119.17874925159289
90931,衢州市,衢州市城南开化林场,29.146030771471533,118.41054508903123
91707,衢州市,衢州市江山贺村河东村,28.6703592258346,118.54094575873306
91806,衢州市,衢州市柯城姜家山前徐村,28.97280736869544,118.83131812705724
88849,衢州市,衢州市江山保安赵宅门村,28.39004369316328,118.52784411570495
91419,衢州市,衢州市开化池淮篁岸村,29.13953082351118,118.28202118884433
199045,衢州市,衢州市常山新昌达塘村(原铜山村),29.049586069497106,118.57562609427389
88826,衢州市,衢州市江山碗窑红石桥村,28.827161907000658,118.84558683782389
216154,衢州市,衢州市龙游兴龙北路江滨小区联建楼,29.039246757480228,119.17645753949188
89539,衢州市,衢州市衢江区委办公室,28.986204928595473,118.96571982255001
88172,衢州市,衢州市常山招贤象湖村(原象湖村),28.93223664999391,118.65247456847383
89171,衢州市,衢州市龙游湖镇沙田湖开发区,29.067696268480983,119.29214415538588
92046,衢州市,衢州市柯城东港通天星皮革厂,28.95691044753569,118.87584165150854
88925,衢州市,衢州市开化城关芹西社区,29.18993794143037,118.33165006627124
88639,衢州市,衢州市龙游龙游地税局,29.03533029390025,119.17583571714687
198940,衢州市,衢州市市公安局,28.73637047493689,118.62777242907684
92145,衢州市,衢州市常山芳村河边山村(原河边山村),29.027490328597406,118.62634125233203
89270,衢州市,衢州市柯城十五田铺新村,29.076868012747966,118.7048696413775
88107,衢州市,衢州市常山球川芙蓉村(原前旺村),28.835749996235403,118.36966417725222
88738,衢州市,衢州市龙游塔石童岗坞村,29.156804969199143,119.15516802589563
88271,衢州市,衢州市江山双塔上耀村,28.76531220818456,118.67424433595826
88370,衢州市,衢州市常山桑园小区单号,28.905019890962652,118.5255110366352
88349,衢州市,衢州市常山金川新建村(原新建村),28.888026893307792,118.49466250948326
89083,衢州市,衢州市恬静苑,28.976157150621937,118.88260041233282
89308,衢州市,衢州市衢江峡川高垄村,29.21449527861416,119.04334481359187
92244,衢州市,衢州市柯城石室荆溪村,28.876620366119422,118.93803892364227
88837,衢州市,衢州市江山上余一都江村,28.79778984069269,118.73284721017136
88206,衢州市,衢州市中山路小学,28.747175660743196,118.64130531174965
89407,衢州市,衢州市衢江樟潭望江苑,28.986187756963574,118.96554915438455
89182,衢州市,衢州市龙游湖镇马报桥村,29.04465573035125,119.24803629486004
88305,衢州市,衢州市常山梅园小区单号,28.903889719035536,118.53128564628207
217997,衢州市,衢州市柯城福苑新村,28.92807945371189,118.89858270463886
89506,衢州市,衢州市劳动路人寿保险公司,28.958050444093374,118.87896852632666
88404,衢州市,衢州市翠苑山庄,28.719728796933147,118.61869787976725
88448,衢州市,衢州市江山大桥西坂村,28.724852367381743,118.63207986597884
88936,衢州市,衢州市开化城关排灌香溢区,29.18993794143037,118.33165006627124
91443,衢州市,衢州市龙游横山项家村,29.16831523064429,119.19355892463238
92074,衢州市,衢州市广玉玉龙湾,28.97531040689578,118.85947096962893
89117,衢州市,衢州市衢江浮石元桥村,28.94198308729938,118.93904421103383
88547,衢州市,衢州市龙游红星北门小区东,29.03887887043224,119.17683813626512
88503,衢州市,衢州市开化杨林东坑口村,29.23390502282912,118.37248689121458
89380,衢州市,衢州市柯城新新后贻村,28.9406573987336,118.92133949698004
88646,衢州市,衢州市龙游新湖风景南区,29.027670842030815,119.16876748737958
91542,衢州市,衢州市龙游詹家夏金村,29.025770361126003,119.13880343183247
89281,衢州市,衢州市台州湾大酒店,29.043925518975257,119.1767115650188
92173,衢州市,衢州市柯城华墅塘北村,28.88979540227344,118.73878798837143
217970,衢州市,衢州市常山辉埠童家工业园区,28.949079586766597,118.51000071404394
88217,衢州市,衢州市县河二区,28.74438403404495,118.63578872778413
89359,衢州市,衢州市衢江全旺横溪村,28.917805502876828,119.08321179446754
91641,衢州市,衢州市常山球川东山村(原太平村),28.83153324362458,118.3451304719349
198985,衢州市,衢州市开化桐村桐村,29.008501382178032,118.26189634091766
90907,衢州市,衢州市城北开化县中国人民银行,29.15060021571078,118.42245392517309
89315,衢州市,衢州市衢江峡川官瑭胜村,28.94198308729938,118.93904421103383
89216,衢州市,衢州市龙游庙下浙源里村,28.95691044753569,118.87584165150854
89458,衢州市,衢州市帝京大酒店,28.951722068919484,118.87724269459501
88459,衢州市,衢州市江山贺村羡家村,28.680885754453634,118.46175481547589
88316,衢州市,衢州市常山紫港小区北,28.917115237098784,118.5214531660716
92009,衢州市,衢州市衢江高家螺丝形村,28.992872349546357,119.0518079330529
88602,衢州市,衢州市龙游农贸市场,28.997079389241737,119.19866420604271
88745,衢州市,衢州市龙游横山塔下叶村,29.062944315076518,119.26983871844466
92108,衢州市,衢州市柯城世纪花园小区,28.998535292057788,118.81300295479716
91719,衢州市,衢州市常山球川棋盘山村(原棋盘山村),28.86508893330953,118.39363133565746
89090,衢州市,衢州市柯城区妇幼保健院,28.95083390992058,118.87743202326084
88091,衢州市,衢州市常山球川新店村(原新店村),28.87641539801325,118.42645672871065
88844,衢州市,衢州市江山峡口王村村,28.472046744785914,118.5077753418048
91740,衢州市,衢州市须江公园,28.742613379615154,118.64532105268314
198939,衢州市,衢州市曙光路仓库区,28.927258179461532,118.8582203909187
88514,衢州市,衢州市开化华埠新建弄小区,29.18993794143037,118.33165006627124
92272,衢州市,衢州市衢江樟潭上埠头村,28.983877410278343,118.9518200620257
88415,衢州市,衢州市江山虎山麻车村,28.723034227697564,118.62426454606154
89414,衢州市,衢州市香江饭店,28.757579237973943,118.64948985229923
88701,衢州市,衢州市龙游罗家姜家村,28.943417745518957,119.2449102006694
88943,衢州市,衢州市开化苏庄唐头村,29.2270325871235,118.1190605726725
88558,衢州市,衢州市龙游世纪联华超市,28.997079389241737,119.19866420604271
88190,衢州市,衢州市孝子村,28.73737185738014,118.63031571163584
88657,衢州市,衢州市龙游城建大楼后商住区,28.997079389241737,119.19866420604271
91818,衢州市,衢州市柯城石梁寺桥村,29.08604885579275,118.77137008076716
89513,衢州市,衢州市审计局,28.941067847442774,118.88131617950498
88800,衢州市,衢州市江山清湖路陈村,28.494408055637642,118.4462359284399
198977,衢州市,衢州市龙游小南海泽潭村,29.039895388417513,119.12552432046616
89469,衢州市,衢州市京港宾馆,28.93589596635591,118.87115425563017
90918,衢州市,衢州市城南开化东方英爵咖啡,29.18993794143037,118.33165006627124
88756,衢州市,衢州市龙游塔石山底陈村,28.997079389241737,119.19866420604271
88613,衢州市,衢州市龙游粮食储运中心,28.997079389241737,119.19866420604271
88062,衢州市,衢州市常山同弓湖石头村(原湖石头村),28.97366615553213,118.54767046744729
91917,衢州市,衢州市衢江莲花上余村,29.064687560169357,119.05703182932062
89326,衢州市,衢州市柯城航埠莫家村,28.972966549014,118.80397634746244
89227,衢州市,衢州市龙游小南海雅塘村,29.075502169010946,119.16604222070059
88529,衢州市,衢州市开化马金排田村,29.356142614801144,118.43845992106661
216162,衢州市,衢州市城西太平路工行、农行,29.040380670346455,119.17749416877885
88855,衢州市,衢州市江山峡口峡南村,28.46659635797359,118.53227303135932
88712,衢州市,衢州市龙游詹家前游村,29.025770361126003,119.13880343183247
88161,衢州市,衢州市常山青石砚瓦山村(原天井头村),28.97366615553213,118.54767046744729
89425,衢州市,衢州市城南开化县会计核算中心(开化县地税局),29.12496751379258,118.41333808345412
199009,衢州市,衢州市常山招贤纱帽山村(原纱帽山村),28.92040847957564,118.66595283776486
88727,衢州市,衢州市龙游石佛上溪村,29.171840915822024,119.11759345061284
88811,衢州市,衢州市江山清湖读溪口村,28.61866307890039,118.57714488095843
89520,衢州市,衢州市衢江区人民医院,28.980103971058313,118.95852499997709
91743,衢州市,衢州市江山淤头通贤村,28.6224402789361,118.51618743391967
88866,衢州市,衢州市江山石门达蓬村,28.582939805939578,118.5708513992695
89028,衢州市,衢州市开化华埠溪东村,28.998773312210343,118.31106781755068
89131,衢州市,衢州市衢江后溪菖蒲垄村,28.846666162222384,118.81900815887819
91680,衢州市,衢州市城北广场商住区,28.75044103992311,118.64100294211508
88029,衢州市,衢州市常山辉埠宋畈村(原上宋畈村),28.97366615553213,118.54767046744729
88132,衢州市,衢州市常山大桥头大桥村(原大桥村),28.971103601851542,118.63587721087684
91842,衢州市,衢州市柯城石梁梅村村,29.025509407100966,118.79881940998911
91453,衢州市,衢州市柯城绿都假日小区,28.998535292057788,118.81300295479716
92166,衢州市,衢州市柯城航埠上万村,28.933935704964128,118.80871135173619
88231,衢州市,衢州市原西市街卫生进修学校,28.734904529201746,118.62983844191857
89230,衢州市,衢州市龙游小南海周红坂村,29.06016213632635,119.17921577128816
88965,衢州市,衢州市开化村头大黄山村,28.844142799578222,118.87218039989526
88128,衢州市,衢州市常山大桥头新村村(原新村村),28.971103601851542,118.63587721087684
91941,衢州市,衢州市衢江云溪石下淤村,29.003666887847295,118.96721051472976
88679,衢州市,衢州市龙游财政局,29.0353392152337,119.17585080867944
88778,衢州市,衢州市江山新塘边恩深村,28.436653673144818,118.52913316614523
88330,衢州市,衢州市常山紫港外港村(原麦坞村),28.92016189887479,118.53307270292403
89043,衢州市,衢州市文景苑小区,28.95691044753569,118.87584165150854
91552,衢州市,衢州市龙游詹家石亘村,29.025770361126003,119.13880343183247
92265,衢州市,衢州市柯城东港岑一路,28.948616220995063,118.9531829549755
88389,衢州市,衢州市永寿里小区,28.730220850037426,118.6291994269044
91651,衢州市,衢州市常山青石江家村(原江二村),28.912328232087425,118.59321946696915
88877,衢州市,衢州市江山长台朝旭村,28.589845962981023,118.63542529044273
89142,衢州市,衢州市衢江廿里上宇村,28.877030037243095,118.8418501303444
88040,衢州市,衢州市常山辉埠东鲁村(原东湖村),29.025983703376976,118.54516569169537
88488,衢州市,衢州市江山坛石占塘村,28.71618992781513,118.50780539102242
89039,衢州市,衢州市开化华埠新车站宿舍小区,29.18993794143037,118.33165006627124
91750,衢州市,衢州市柯城航埠传化公路港物流公司,28.998535292057788,118.81300295479716
92177,衢州市,衢州市柯城华墅方家村,28.88979540227344,118.73878798837143
89241,衢州市,衢州市龙游模环模环村,29.146300637866116,119.21098343924778
89014,衢州市,衢州市开化华埠杨村村,29.0068059934608,118.40345826703481
91464,衢州市,衢州市柯城银桂小区,28.946719971115748,118.89308417661411
89138,衢州市,衢州市衢江后溪万青村,28.834367590666563,118.82680740721163
88587,衢州市,衢州市龙游东华桥下北,28.997079389241737,119.19866420604271
91563,衢州市,衢州市常山球川球川村(原球川村),28.865364531365,118.32640072210884
90850,衢州市,衢州市浙江简爱酒店连锁有限公司春天分公司,28.95152574808023,118.88072978093948
89340,衢州市,衢州市柯城衢化厂中村,28.998535292057788,118.81300295479716
92276,衢州市,衢州市西区东方大酒店,28.958609257556095,118.88133143093593
88015,衢州市,衢州市常山龙门路,28.908341138835738,118.51882438459077
88976,衢州市,衢州市开化大溪边上安村,29.304965856895812,118.55401310266024
89399,衢州市,衢州市衢江樟潭府东苑,28.98496712930033,118.97239487028386
91662,衢州市,衢州市常山青石砚瓦山村(原天井头村),28.97366615553213,118.54767046744729
88114,衢州市,衢州市常山东案朝阳村(原卢家村),28.986281746170977,118.67261179774535
89113,衢州市,衢州市衢江杜泽堰头村,29.057816312297668,118.90497361654339
88686,衢州市,衢州市龙游龙洲灵江开发区,28.997079389241737,119.19866420604271
88499,衢州市,衢州市开化杨林杨林村,29.057846587237755,118.18687594627738
88785,衢州市,衢州市江山新塘边东陈村,28.436653673144818,118.52913316614523
89498,衢州市,衢州市中国人民财产保险股份有限公司衢州市分公司,29.012453810154827,118.36554046538626
89212,衢州市,衢州市龙游溪口大沃口村,28.890438537764528,119.18916918228467
91435,衢州市,衢州市龙游塔石罗山村,29.157730711322824,119.19256400367021
89050,衢州市,衢州市柯城万田池家村,29.01024476794209,118.88165254191833
88051,衢州市,衢州市常山金川上埠村(原上埠村),28.9266680003725,118.48381309084256
91761,衢州市,衢州市柯城航埠周家山村,28.91356522511056,118.73155978476575
88213,衢州市,衢州市江山市人民政府,28.742899120781928,118.63356640978374
89109,衢州市,衢州市衢江浮石姜家坞村,29.017615463170667,118.89755571955983
88884,衢州市,衢州市江山长台乾湖村,28.610497400005865,118.6987285931505
88047,衢州市,衢州市常山同弓金川源村(原伏江村),28.912785958501374,118.46002175058827
89311,衢州市,衢州市衢江峡川后李村,29.151931718187925,119.02385381362608
91860,衢州市,衢州市柯城万田坦上村,29.028216441407565,118.87531269868204
89025,衢州市,衢州市开化华埠华兴村,29.18993794143037,118.33165006627124
92247,衢州市,衢州市柯城花园塔坛寺村,28.897791596452237,118.90451509446207
217981,衢州市,衢州市龙游小南海城北开发区,29.08944507487435,119.19693601526377
88150,衢州市,衢州市常山青石青石化工园区,28.97366615553213,118.54767046744729
88209,衢州市,衢州市云宾广场,28.95691044753569,118.87584165150854
88312,衢州市,衢州市常山江滨小区东,28.90529013328024,118.53294887869598
88598,衢州市,衢州市龙游姜家村,29.032777347875527,119.09901822370735
88983,衢州市,衢州市开化大溪边方田村,29.304965856895812,118.55401310266024
89410,衢州市,衢州市桥庵里,28.97065047868071,118.86934973503081
91534,衢州市,衢州市龙游城西加油站,28.997079389241737,119.19866420604271
88697,衢州市,衢州市龙游罗家荷村村,28.943417745518957,119.2449102006694
91633,衢州市,衢州市常山球川龙绕村(原龙绕村),28.8664136429864,118.40405206673942
88411,衢州市,衢州市江山丹桂花园山川坛,28.727411364409477,118.62425457487039
89124,衢州市,衢州市衢江廿里白马新村,28.877030037243095,118.8418501303444
88569,衢州市,衢州市龙游远洋现代城,29.04491808817114,119.17756588499923
91732,衢州市,衢州市常山招贤泉目山村(原泉目山村),28.97366615553213,118.54767046744729
88022,衢州市,衢州市常山辉埠黄坞岭村(原黄坞岭村),29.017028749168986,118.57787878398358
89061,衢州市,衢州市柯城万田冯家村,29.028327727813334,118.87062980511091
198931,衢州市,衢州市市国土局商住区,28.946378374677533,118.86472655811505
88796,衢州市,衢州市江山淤头乌鹰垄村,28.56340387353933,118.51571373227186
88510,衢州市,衢州市开化华埠新华书店后,29.140725914554256,118.41968346115068
89223,衢州市,衢州市龙游庙下庙上新村,28.95691044753569,118.87584165150854
91446,衢州市,衢州市龙游塔石钱家村,29.113237473642158,119.17931489840284
91383,衢州市,衢州市江山上余陶村村,28.581969944140962,118.60708619901152
88668,衢州市,衢州市龙游竹景花园,29.02756135415583,119.1685272966558
92096,衢州市,衢州市开化张湾爱国村,29.116218481382962,118.16882423834835
88121,衢州市,衢州市常山东案万安村(原上初村),28.95691044753569,118.87584165150854
89057,衢州市,衢州市柯城万田张家村,28.877111994993502,118.88671176620987
91926,衢州市,衢州市衢江莲花南苑小区,28.94198308729938,118.93904421103383
88927,衢州市,衢州市开化城关高职楼桃源人家区,29.13933806015217,118.40829240830462
92292,衢州市,衢州市衢江莲花山丰村,29.10004229489871,119.03659031343061
91392,衢州市,衢州市江山上余高洋村,28.581969944140962,118.60708619901152
198938,衢州市,衢州市严家淤村,28.95463492307217,118.86481809544648
91491,衢州市,衢州市开化音坑姚家村,29.235167520637916,118.43057209801331
91409,衢州市,衢州市开化城关龙顶西子城小区,29.18993794143037,118.33165006627124
91590,衢州市,衢州市常山柚苑小区,28.923392950238156,118.50660350226744
88839,衢州市,衢州市江山上余五程村,28.819158072086,118.71076676731963
91508,衢州市,衢州市开化何田丘畈村,29.34919075975172,118.31391724352568
88938,衢州市,衢州市开化城关老公路段宿舍,29.18993794143037,118.33165006627124
91607,衢州市,衢州市常山芳村猷阁口村(原猷阁口村),29.073021160672297,118.64862438704237
92097,衢州市,衢州市开化张湾塘林村,29.108026628346273,118.14476449698407
92259,衢州市,衢州市柯城东港闹桥村,28.939918197299953,118.94199313334329
91706,衢州市,衢州市江山贺村东山头村,28.6703592258346,118.54094575873306
88116,衢州市,衢州市常山东案前库村(原前库村),28.99489537246695,118.66832078725788
90930,衢州市,衢州市城南开化县水利局,29.13274695162992,118.41603291644077
91805,衢州市,衢州市柯城姜家山毛峰村,28.97280736869544,118.83131812705724
91519,衢州市,衢州市龙游面粉厂宿舍商住区,28.997079389241737,119.19866420604271
199025,衢州市,衢州市常山新昌西源村(原西岭脚村),28.97366615553213,118.54767046744729
88949,衢州市,衢州市开化苏庄高坑村,29.165441829506506,118.12244622595202
92007,衢州市,衢州市衢江高家安仁村,28.996186486790087,119.05815832419249
91904,衢州市,衢州市迎和小区,28.96591660400939,118.8869177584429
88215,衢州市,衢州市环城西路商住区,29.028167760840702,119.17201074126972
90905,衢州市,衢州市城北开化县中国人寿保险股份有限公司,29.015906390288762,118.36537951598811
198920,衢州市,衢州市霞光路仓库区,28.922970439778876,118.85780521746808
216151,衢州市,衢州市浙江江山变压器股份有限公司,28.581969944140962,118.60708619901152
91618,衢州市,衢州市常山芳村前塘村(原前山村),29.18282714119419,118.69152031575764
88314,衢州市,衢州市常山国大移动百合瑞云,28.97366615553213,118.54767046744729
91717,衢州市,衢州市常山何家钱塘村(原金家村),28.952154661591543,118.42306968036267
88413,衢州市,衢州市花露亭,28.71636258714956,118.61958982078241
89126,衢州市,衢州市衢江廿里廿里村,28.877030037243095,118.8418501303444
92083,衢州市,衢州市开化城关工人路县委宿舍区,29.144208614761407,118.422026971344
89225,衢州市,衢州市龙游庙下遂乐村,28.846819852534583,119.16828047913226
91816,衢州市,衢州市柯城双港孙姜村,28.938273363121922,118.86690970999521
90916,衢州市,衢州市华埠开化县华埠中学,29.009505396445253,118.37224533865965
92182,衢州市,衢州市柯城石梁坎底村,29.056474938302223,118.78205497924527
88960,衢州市,衢州市开化村头汇坑村,29.292702357043627,118.47042919842669
88611,衢州市,衢州市龙游龙翔华庭小区,28.997079389241737,119.19866420604271
88512,衢州市,衢州市开化华埠菜场弄文化中心,29.016885468974852,118.35865438143395
89324,衢州市,衢州市衢江峡川岭下村,29.20640898562738,119.02813646088921
91629,衢州市,衢州市常山球川常周村(原常周村),28.87219003647858,118.39030842811948
92094,衢州市,衢州市开化城关下茨村,29.08831279592094,118.42300638934967
91915,衢州市,衢州市衢江莲花黄家堰头村,29.057816312297668,118.90497361654339
92281,衢州市,衢州市柯城西区幸福家园小区,28.998535292057788,118.81300295479716
91381,衢州市,衢州市江山上余迎宾村,28.581969944140962,118.60708619901152
91728,衢州市,衢州市常山青石砚瓦山村(原砚瓦山村),28.97366615553213,118.54767046744729
89423,衢州市,衢州市城南开化县岙滩人民法院,29.18993794143037,118.33165006627124
88710,衢州市,衢州市龙游龙洲寺后村,29.02506784192182,119.05360162547767
88729,衢州市,衢州市龙游石佛夏家村,29.214612339290472,119.12941275893267
88828,衢州市,衢州市江山碗窑源口村,28.70039213513488,118.64306937626209
91480,衢州市,衢州市开化音坑华联村,29.109179040441898,118.33203356657003
92193,衢州市,衢州市柯城石梁麻蓬村,29.025509407100966,118.79881940998911
91827,衢州市,衢州市柯城石梁大源山村,29.075083240059623,118.77750488487256
89522,衢州市,衢州市世纪大道红五环,28.945777860709732,118.91401749231304
198984,衢州市,衢州市开化桐村黄石村,29.008501382178032,118.26189634091766
91823,衢州市,衢州市柯城七里均良村,29.127580833067167,118.75971971676452
218007,衢州市,衢州市衢州专业市场上洋五金城,28.931955218550684,118.90251189293821
92189,衢州市,衢州市柯城石梁半源村,29.06125669560045,118.72349503145925
91922,衢州市,衢州市衢江莲花石桥头村,29.095906554760223,119.07194932237722
90923,衢州市,衢州市城南开化县人民医院,29.148670261515235,118.42269657006753
92206,衢州市,衢州市柯城万田慈姑垅村,29.003698323331882,118.85534564350799
90835,衢州市,衢州市江山市逗号商务酒店,28.581969944140962,118.60708619901152
91405,衢州市,衢州市开化城关汶山村,29.133967874413905,118.36125218934079
92057,衢州市,衢州市衢江阳光新屋里,28.971756349743814,118.94859845011193
90934,衢州市,衢州市城南开化巨江水电建设有限公司,29.130652912600304,118.4147901215478
91504,衢州市,衢州市开化何田高升村,29.330151993300447,118.27183877102762
92217,衢州市,衢州市衢江莲花大坟头村,29.053205042616742,119.01721390401053
91603,衢州市,衢州市常山东案金源村(原高角村),29.05232530440986,118.66809623782963
88156,衢州市,衢州市常山青石澄潭村(原丁家村),28.922523472780327,118.62619357180455
91702,衢州市,衢州市江山淤头礼贤村,28.6224402789361,118.51618743391967
91416,衢州市,衢州市开化池淮坝头村,29.18993794143037,118.33165006627124
88255,衢州市,衢州市乌木山二区,28.744757376996073,118.64746056128844
88909,衢州市,衢州市开化城关小桥头村,29.140812275272424,118.42551975204708
92068,衢州市,衢州市棉纺厂,28.95691044753569,118.87584165150854
216155,衢州市,衢州市城东烟草公司,28.95691044753569,118.87584165150854
88354,衢州市,衢州市常山兰桂苑,28.97366615553213,118.54767046744729
199021,衢州市,衢州市常山招贤纱帽山村(原大坑口村),28.92040847957564,118.66595283776486
91801,衢州市,衢州市柯城姜家山富周塘村,28.97280736869544,118.83131812705724
91900,衢州市,衢州市世通华府,28.96684672535377,118.88040134697054
91515,衢州市,衢州市龙游人民医院,29.04082781924816,119.18418241262063
90901,衢州市,衢州市城南开化县温州银行,29.18993794143037,118.33165006627124
91614,衢州市,衢州市常山芳村新桥村(原坞石坑村),29.16256337632534,118.71063832759785
89166,衢州市,衢州市龙游湖镇童村村,29.12941376186393,119.20896854807431
88453,衢州市,衢州市江山贺村南塘村,28.669653623986413,118.45533835216945
88552,衢州市,衢州市龙游太平东路老百货宿舍,29.037504159816994,119.18464099848163
89265,衢州市,衢州市龙游模环士元村,29.10871308509847,119.29804590400816
91427,衢州市,衢州市开化大溪边月岭村,29.32831407953396,118.60425998932737
88003,衢州市,衢州市常山下水弄,28.908572352219842,118.52355956762733
92079,衢州市,衢州市盈川小区,28.95691044753569,118.87584165150854
88651,衢州市,衢州市龙游恒泽小区,28.997079389241737,119.19866420604271
88102,衢州市,衢州市常山球川球川村(原球川村),28.865364531365,118.32640072210884
91526,衢州市,衢州市龙游人民广场东商住区,29.028688729216377,119.17609841042368
92178,衢州市,衢州市柯城航埠万川村,28.92066413541735,118.81115021975428
88201,衢州市,衢州市市后淤,28.95691044753569,118.87584165150854
91713,衢州市,衢州市常山何家长风村(原溪东村),28.97145872854377,118.40349817246047
89364,衢州市,衢州市柯城石室沙埠村,28.998535292057788,118.81300295479716
91812,衢州市,衢州市柯城双港丰家村,28.938273363121922,118.86690970999521
88750,衢州市,衢州市龙游塔石华青村,28.997079389241737,119.19866420604271
90912,衢州市,衢州市城南开化县卫生监督所,29.148088001026846,118.42184496386807
91625,衢州市,衢州市常山何家黄冈村(原璞石村),28.942755873156315,118.40182567402525
89463,衢州市,衢州市烟草公司,28.95691044753569,118.87584165150854
198946,衢州市,衢州市柯城兴华北区小区,28.953249914122704,118.87593593675652
91911,衢州市,衢州市衢江浮石毛家岭村,28.94198308729938,118.93904421103383
92090,衢州市,衢州市开化城关岔里村,29.14517010839356,118.34404989844067
91724,衢州市,衢州市常山青石阁底村(原苗山头村),28.928011774038154,118.5969741863724
88300,衢州市,衢州市常山第一小学,28.97366615553213,118.54767046744729
88399,衢州市,衢州市景星山庄建材市场,28.721518277912406,118.62215234953695
89051,衢州市,衢州市柯城万田山后徐村,28.998535292057788,118.81300295479716
88786,衢州市,衢州市江山淤头永兴坞村,28.6224402789361,118.51618743391967
88113,衢州市,衢州市常山球川芙蓉村(原芙蓉村),28.835749996235403,118.36966417725222
89499,衢州市,衢州市开隆大厦,28.974131126830283,118.88306756353686
91661,衢州市,衢州市常山青石大塘后村(原大塘后村),28.917433383471874,118.60959654208906
91436,衢州市,衢州市龙游横山贤求朋村,28.997079389241737,119.19866420604271
88050,衢州市,衢州市常山金川金川弄村(原登丰村),28.97366615553213,118.54767046744729
89213,衢州市,衢州市龙游溪口红罗村,28.916975239258264,119.2055507597118
89150,衢州市,衢州市衢江后溪泉井边村,28.94198308729938,118.93904421103383
88498,衢州市,衢州市开化华埠华阳村,29.017638091119224,118.3595846720096
91535,衢州市,衢州市龙游新湖风景北区,29.027670842030815,119.16876748737958
88212,衢州市,衢州市县河西路,28.74537188977675,118.63271191104053
88885,衢州市,衢州市江山石门金炉村,28.581969944140962,118.60708619901152
92086,衢州市,衢州市开化城关钟山花苑小区,29.18993794143037,118.33165006627124
88109,衢州市,衢州市常山球川红旗岗村(原乌麦田村),28.83631914838025,118.36462489444469
89047,衢州市,衢州市柯城万田礁塘底村,28.86436267456709,118.85278639446686
89312,衢州市,衢州市衢江峡川后山村,29.153459493946063,119.01066459838702
91760,衢州市,衢州市锦西苑,28.95691044753569,118.87584165150854
198980,衢州市,衢州市龙游小南海双潭村,29.06016213632635,119.17921577128816
92248,衢州市,衢州市柯城花园上大门村,28.91155292542992,118.91844713200166
88984,衢州市,衢州市开化大溪边阳坑口村,29.304965856895812,118.55401310266024
89209,衢州市,衢州市龙游溪口寺下村,28.997079389241737,119.19866420604271
88597,衢州市,衢州市龙游龙洲驿前村,29.055033762231567,119.19264133609663
92185,衢州市,衢州市柯城石梁下村村,29.025509407100966,118.79881940998911
88311,衢州市,衢州市常山农贸市场,28.97366615553213,118.54767046744729
91634,衢州市,衢州市常山球川新店村(原新店村),28.87641539801325,118.42645672871065
89411,衢州市,衢州市沐霞人家,28.96512208967273,118.84873884723017
88410,衢州市,衢州市江山山川坛,28.727411364409477,118.62425457487039
89024,衢州市,衢州市开化华埠封家工业园区,29.016885468974852,118.35865438143395
88023,衢州市,衢州市常山辉埠黄坞岭村(原舒家村),29.0149243119562,118.57515257318548
88696,衢州市,衢州市龙游罗家罗家村,28.94378858941113,119.243216625292
89123,衢州市,衢州市柯城石室黄泥村,28.87374676155584,118.91896804140062
91733,衢州市,衢州市常山招贤象湖村(原浦口村),28.93223664999391,118.65247456847383
89510,衢州市,衢州市农业发展银行,28.970397897384636,118.88687553808394
92284,衢州市,衢州市龙游溪口扁石村,28.853043982978143,119.18506371590193
217999,衢州市,衢州市衢州专业市场恒滔五金交电市场,28.92808068093019,118.90783321493
88122,衢州市,衢州市常山东案万安村(原马初村),28.98926969790057,118.63842711664238
89060,衢州市,衢州市柯城万田馒头山村,29.035436669776796,118.8738609049275
88795,衢州市,衢州市江山淤头华塔村,28.6224402789361,118.51618743391967
91445,衢州市,衢州市龙游塔石何明村,28.997079389241737,119.19866420604271
88019,衢州市,衢州市常山金川五里亭村(原五里亭村),28.891132338046116,118.49605500609111
91832,衢州市,衢州市柯城石梁派溪头村,29.025509407100966,118.79881940998911
89222,衢州市,衢州市龙游庙下凉丰村,28.827302912162178,119.154863247904
199012,衢州市,衢州市常山招贤招贤村(原招贤村),28.93712825802797,118.6872636771339
88894,衢州市,衢州市开化城关望江小区,29.149926505537348,118.42419095518122
88221,衢州市,衢州市银行巷,28.95691044753569,118.87584165150854
89119,衢州市,衢州市衢江浮石航东村,28.989854851958267,118.89036320922527
91544,衢州市,衢州市龙游詹家芝溪家园,28.997079389241737,119.19866420604271
88669,衢州市,衢州市龙游竹海云天,28.997079389241737,119.19866420604271
89321,衢州市,衢州市衢江峡川大桥村,29.145813921862675,119.00692528582157
88118,衢州市,衢州市常山东案白马村(原墅口村),29.109164856555815,119.2594632817231
92257,衢州市,衢州市柯城东港野鸭垄村,28.91146478739576,118.97688264471185
217993,衢州市,衢州市慧谷大厦,28.95691044753569,118.87584165150854
91931,衢州市,衢州市衢江莲花十里丰监狱宿舍,29.097810174118184,119.0652298516393
91643,衢州市,衢州市常山球川三溪村(原三溪村),28.87502646658192,118.36740765447291
88993,衢州市,衢州市开化音坑华联村,29.109179040441898,118.33203356657003
88320,衢州市,衢州市常山紫港紫港中学,28.92636773109436,118.50409675738673
89420,衢州市,衢州市城南开化中学,29.14867749695572,118.41994181381527
89033,衢州市,衢州市开化桐村杜坑村,29.008501382178032,118.26189634091766
198945,衢州市,衢州市柯城兴华苑小区,28.998535292057788,118.81300295479716
88032,衢州市,衢州市常山辉埠达坞村(原建新村),28.97636970237459,118.54013298448419
88867,衢州市,衢州市江山石门灵岗口村,28.565467421579417,118.58454925035932
88768,衢州市,衢州市江山新塘边毛家仓村,28.63733471123188,118.47172809968518
89029,衢州市,衢州市开化华埠联盟村,29.01852677547369,118.28885474528026
91841,衢州市,衢州市柯城石梁李家村,29.025509407100966,118.79881940998911
89132,衢州市,衢州市衢江后溪赤山口村,28.833467131956873,118.79226553738037
88131,衢州市,衢州市常山大桥头浮河村(原上新屋村),28.97918034454232,118.64526800684449
88579,衢州市,衢州市龙游龙中路居民区,29.04154834174338,119.19217598689345
91742,衢州市,衢州市江山贺村幸福村,28.6703592258346,118.54094575873306
89231,衢州市,衢州市龙游小南海下章村,29.093471295362043,119.18458117402959
88028,衢州市,衢州市常山辉埠达坞村(原松香门村),28.97636970237459,118.54013298448419
92167,衢州市,衢州市柯城航埠将军叶村,28.936128633950275,118.73979146569357
91454,衢州市,衢州市柯城五环新村,28.953655562878026,118.894159088987
88966,衢州市,衢州市开化村头青山村,29.249018542242258,118.49758998113927
88230,衢州市,衢州市前圳,28.738886462562018,118.63134040873074
198979,衢州市,衢州市龙游小南海大塘村,29.130362326402484,119.17107675416688
91553,衢州市,衢州市龙游横山会泽里村,29.193536659708172,119.20978514281651
92266,衢州市,衢州市柯城东港东港四路,28.998535292057788,118.81300295479716
198937,衢州市,衢州市柯城规划分局,28.998535292057788,118.81300295479716
89006,衢州市,衢州市开化音坑下淤村,29.19476217880861,118.41369235448613
91940,衢州市,衢州市衢江浮石下窑村,28.994698170403343,118.91899126978447
88678,衢州市,衢州市龙游消防武警部队,28.997079389241737,119.19866420604271
89330,衢州市,衢州市柯城航埠何双蓬村,28.998535292057788,118.81300295479716
89128,衢州市,衢州市衢江廿里佘塘头村,28.877030037243095,118.8418501303444
89105,衢州市,衢州市移动大楼,28.95691044753569,118.87584165150854
90840,衢州市,衢州市江山市帝豪大酒店,28.732349483631083,118.62442809246093
88777,衢州市,衢州市江山新塘边东山村,28.5878217693776,118.48686179511523
89204,衢州市,衢州市龙游湖镇彭塘村,29.020085506475038,119.29638552012104
88876,衢州市,衢州市江山石门延龄村,28.591784089827566,118.59600667810119
91682,衢州市,衢州市中山路小学,28.747175660743196,118.64130531174965
91396,衢州市,衢州市开化城关旅游局等,29.18993794143037,118.33165006627124
88868,衢州市,衢州市江山石门界牌村,28.56902214635263,118.57351287817255
92231,衢州市,衢州市衢江云溪棠陵邵村,29.019593647655224,118.9809743212067
88967,衢州市,衢州市开化村头上村头,28.95691044753569,118.87584165150854
91781,衢州市,衢州市柯城华墅金坂村,28.88979540227344,118.73878798837143
91495,衢州市,衢州市开化何田禾丰村,29.333309754277185,118.32706924106915
91594,衢州市,衢州市常山芳村洁湖村(原洁湖村),29.035701714090152,118.61743763079822
89169,衢州市,衢州市龙游湖镇阳湖小区,28.997079389241737,119.19866420604271
88027,衢州市,衢州市常山辉埠双溪口村(原东山根村),29.000441082888326,118.55974517035477
92044,衢州市,衢州市柯城东港姜庄村,28.94179696915244,118.97041200549845
90881,衢州市,衢州市城北开化凯通公路程氏骨伤,29.18993794143037,118.33165006627124
92000,衢州市,衢州市衢江高家墩上村,29.00189491511805,119.0401834483337
217984,衢州市,衢州市财富中心,28.97723694816313,118.85728513091698
91880,衢州市,衢州市梧桐巷南,28.964409207195597,118.87342772494291
92143,衢州市,衢州市常山芳村芳村村(原大坞篷村),28.97366615553213,118.54767046744729
91430,衢州市,衢州市开化村头芳林村,29.296837542524322,118.501976042231
88879,衢州市,衢州市江山长台长台村,28.581969944140962,118.60708619901152
88269,衢州市,衢州市江山双塔黄家村,28.90447765163846,118.85364020690464
198976,衢州市,衢州市龙游小南海汀塘圩村,29.06016213632635,119.17921577128816
198934,衢州市,衢州市落马桥村,28.93510012770585,118.86114249699591
91693,衢州市,衢州市江东六区,28.73025808663817,118.64127566766781
92242,衢州市,衢州市衢江大洲沧州村,28.94198308729938,118.93904421103383
88978,衢州市,衢州市开化大溪边大溪边村,29.304965856895812,118.55401310266024
91792,衢州市,衢州市柯城姜家山八角窑村,28.97280736869544,118.83131812705724
88038,衢州市,衢州市常山辉埠桐村村(原桐村村),29.01937012339451,118.5044103791961
90892,衢州市,衢州市城南开化县公路稽征运输管理所,29.136503850745356,118.41285220707175
92076,衢州市,衢州市广电大楼,28.904689362924188,118.5278207597617
92055,衢州市,衢州市柯城东港芦林路,28.998535292057788,118.81300295479716
89037,衢州市,衢州市开化华埠叶溪村,29.18993794143037,118.33165006627124
91891,衢州市,衢州市城隍庙,28.96598426467015,118.88520541926
92175,衢州市,衢州市柯城华墅龙泉头村,28.84915807056772,118.74778113682895
216159,衢州市,衢州市龙游文化路邮政小区中国邮政集团公司浙江省龙游县分公司,29.037995132611783,119.18069195673222
92154,衢州市,衢州市常山东案金源村(原后宅村),29.04696952390945,118.66996844395254
91990,衢州市,衢州市柯城黄家王千秋村,28.90320970077831,118.85370677493613
91441,衢州市,衢州市龙游横山后徐村,29.190531937463938,119.16188345066553
89279,衢州市,衢州市柯城荷花东区小区,28.94751390029334,118.88643154519595
92011,衢州市,衢州市衢江高家西村,29.023866845473506,119.03908132718524
91540,衢州市,衢州市交易城商住楼,29.028881781878276,119.17494639469228
216361,衢州市,衢州市江山南方水泥有限公司,28.581969944140962,118.60708619901152
92110,衢州市,衢州市柯城花园前,28.998535292057788,118.81300295479716
92253,衢州市,衢州市衢江高家五果村,29.013463069281485,119.03260553079988
92274,衢州市,衢州市衢江樟潭茶园村,28.983877410278343,118.9518200620257
88989,衢州市,衢州市开化村头芳林村,29.296837542524322,118.501976042231
89048,衢州市,衢州市柯城万田杨家溪边村,29.03190746546414,118.90304738722543
91473,衢州市,衢州市开化大溪边黄谷村,29.304965856895812,118.55401310266024
88049,衢州市,衢州市常山金川金川弄村(原大麦淤村),28.91782593880088,118.47498510663266
199019,衢州市,衢州市常山招贤汪家淤村(原汪家淤村),28.93260944618863,118.6646504061657
92186,衢州市,衢州市柯城石梁童前村,29.04302674393163,118.73596130389869
88148,衢州市,衢州市常山青石江家村(原江四村),28.912328232087425,118.59321946696915
92022,衢州市,衢州市衢江高家段家村,29.04531321424233,119.04367272025547
92121,衢州市,衢州市龙游金利花苑,29.045851657348727,119.19748433645536
92285,衢州市,衢州市柯城农贸城,28.95386980525842,118.88914218117311
91572,衢州市,衢州市常山球川馒头山村(原新丰村),28.856282521008218,118.37000526654916
91671,衢州市,衢州市常山招贤象湖村(原象湖村),28.93223664999391,118.65247456847383
89059,衢州市,衢州市柯城万田蔡窑村,29.04352498179804,118.86453445997333
91484,衢州市,衢州市开化音坑景峰村,29.109179040441898,118.33203356657003
217996,衢州市,衢州市柯城新叶村,28.93647703114573,118.90444482900512
91770,衢州市,衢州市柯城航埠外前坞村,28.998535292057788,118.81300295479716
92220,衢州市,衢州市衢江莲花十里丰村,28.94198308729938,118.93904421103383
88159,衢州市,衢州市常山青石马车村(原马车村),28.884675626704222,118.60141585976164
92033,衢州市,衢州市柯城东港金秋南路,28.922604359492194,118.96000239274375
91385,衢州市,衢州市江山上余苦叶田村,28.581969944140962,118.60708619901152
89158,衢州市,衢州市龙游塔石叶村村,29.15677165987341,119.09804416678895
92296,衢州市,衢州市天和家园,28.988853962938162,118.85729367470067
92197,衢州市,衢州市文景苑小区,28.95691044753569,118.87584165150854
91583,衢州市,衢州市常山辉埠石姆岭村(原灰山底村),28.974234073757138,118.4731862929682
90870,衢州市,衢州市江山市新塘边卫生院,28.62303382779232,118.45874771352798
92132,衢州市,衢州市龙游詹家方村村,28.997079389241737,119.19866420604271
88769,衢州市,衢州市江山新塘边千坞村,28.436653673144818,118.52913316614523
91804,衢州市,衢州市柯城姜家山郑云村,28.97280736869544,118.83131812705724
90906,衢州市,衢州市城北开化县浙江黄衢南高速公路有限公司,28.62983794695719,118.61005165779588
91619,衢州市,衢州市常山何家江湾村(原源口村),28.972517457866193,118.44165866751196
89314,衢州市,衢州市衢江峡川前叶村,29.129061133562903,119.00552935499174
91718,衢州市,衢州市常山球川东山村(原东山村),28.83153324362458,118.3451304719349
91903,衢州市,衢州市鼓楼街附近住宅,28.96504851411573,118.88553483238194
89413,衢州市,衢州市龙游城西世贸城城,28.997079389241737,119.19866420604271
92269,衢州市,衢州市衢江樟潭百家仓,28.983877410278343,118.9518200620257
218003,衢州市,衢州市凯泰汽配城,28.95691044753569,118.87584165150854
92084,衢州市,衢州市开化城关月山路区,29.140767069191853,118.42034352975105
216352,衢州市,衢州市常山交通土管和法院,28.908032456060212,118.52967108945053
92183,衢州市,衢州市柯城石梁两头塘村,29.025509407100966,118.79881940998911
198936,衢州市,衢州市香格里拉,28.95691044753569,118.87584165150854
91817,衢州市,衢州市柯城双港高栾村,28.938273363121922,118.86690970999521
89512,衢州市,衢州市平安财产保险,28.903285432331636,118.53566871601646
91529,衢州市,衢州市龙游新二路农业局宿舍等综合小区,29.035318487974816,119.1761733632388
91916,衢州市,衢州市衢江莲花石角山村,29.062122754495316,118.95111022011366
88959,衢州市,衢州市开化池淮玉坑村,29.18993794143037,118.33165006627124
198974,衢州市,衢州市柯城九华上方村,29.121076041534735,118.84310566500612
92282,衢州市,衢州市常山球川杨家村(原杨家村),28.848805032890162,118.32919982680583
90915,衢州市,衢州市城南开化县瑞丰置业有限公司,29.18993794143037,118.33165006627124
91628,衢州市,衢州市常山何家何家村(原何家村),28.80821226270544,118.73459249470882
91727,衢州市,衢州市常山青石桥亭村(原中心村),28.88762014353172,118.6368366703307
91380,衢州市,衢州市江山上余大夫第村,28.781397043412284,118.67943155351374
216157,衢州市,衢州市县职业技术学校及电大,28.95691044753569,118.87584165150854
92093,衢州市,衢州市开化城关山甸村,29.10489373958107,118.40470167097892
91826,衢州市,衢州市柯城七里上村村,28.998535292057788,118.81300295479716
88928,衢州市,衢州市开化城关螺丝山小区,29.18993794143037,118.33165006627124
88829,衢州市,衢州市江山清湖前村村,28.581969944140962,118.60708619901152
92192,衢州市,衢州市柯城石梁九田村,29.025509407100966,118.79881940998911
91925,衢州市,衢州市衢江莲花梨金园村,28.94198308729938,118.93904421103383
92291,衢州市,衢州市衢江浮石春江花园小区,28.94198308729938,118.93904421103383
199002,衢州市,衢州市江山四都前岭村,28.83984307869068,118.69632688353981
88739,衢州市,衢州市龙游塔石塔石村,29.144333128118245,119.16611483881968
90920,衢州市,衢州市城南开化县阳光财保公司,29.18993794143037,118.33165006627124
91408,衢州市,衢州市开化池淮翁村,29.0991621302784,118.34149549126626
199055,衢州市,衢州市江山凤林桃源村,28.502746627565248,118.48856435983586
88937,衢州市,衢州市开化城关金锭坞小区,29.18993794143037,118.33165006627124
91507,衢州市,衢州市开化马金高坪村,29.273222594921886,118.38545589673929
88838,衢州市,衢州市江山上余大溪滩工业园区,28.559328167061494,118.63208510399826
92098,衢州市,衢州市开化张湾潭头村,29.127539546179975,118.23355921636049
199017,衢州市,衢州市常山招贤纱帽山村(原里方山村),28.92040847957564,118.66595283776486
91606,衢州市,衢州市常山芳村下猷阁村(原下猷阁村),29.078232282902608,118.63907847976405
89116,衢州市,衢州市衢江浮石方家村,29.003808749627993,118.8944835093269
91705,衢州市,衢州市江山淤头陈塘村,28.6224402789361,118.51618743391967
88950,衢州市,衢州市开化池淮航头村,29.18993794143037,118.33165006627124
89215,衢州市,衢州市龙游庙下长生桥村,28.76556677850853,119.11064752244577
92273,衢州市,衢州市衢江樟潭振兴中路,28.983877410278343,118.9518200620257
88317,衢州市,衢州市常山紫港小区南,28.917115237098784,118.5214531660716
88990,衢州市,衢州市开化音坑明廉村,29.226367958257562,118.42742119531941
88847,衢州市,衢州市江山保安裴家地村,28.353209373879533,118.4953099200607
89417,衢州市,衢州市华埠华埠镇政府,29.013451788880474,118.36566080059573
92109,衢州市,衢州市柯城荷花小区南,28.94601196836498,118.88439859448852
88704,衢州市,衢州市龙游龙洲山底村,29.00695800634251,119.15917201699308
89192,衢州市,衢州市龙游湖镇下田畈村,29.054521641074796,119.3149211551095
88416,衢州市,衢州市南方水泥厂厂区,28.95691044753569,118.87584165150854
88191,衢州市,衢州市江滨一区,28.741721784364486,118.63730875053706
88559,衢州市,衢州市龙游国际大酒店,28.997079389241737,119.19866420604271
88946,衢州市,衢州市开化苏庄毛坦村,29.18993794143037,118.33165006627124
88803,衢州市,衢州市江山清湖祝家坂村,28.670806602337016,118.57620095769836
92208,衢州市,衢州市工贸大厦,28.95956215816445,118.88078298308328
89291,衢州市,衢州市衢江杜泽金岗山村,28.94198308729938,118.93904421103383
89516,衢州市,衢州市晓星氨纶,28.95691044753569,118.87584165150854
88658,衢州市,衢州市龙游南门老城区,28.997079389241737,119.19866420604271
88290,衢州市,衢州市常山竹园小区自建房,28.90441049015368,118.5313256927417
88515,衢州市,衢州市开化华埠金星村,29.050913781632325,118.37658070387995
218005,衢州市,衢州市衢州专业市场广汇百姓家具市场,28.95691044753569,118.87584165150854
89228,衢州市,衢州市龙游小南海茶圩里村,29.06016213632635,119.17921577128816
88902,衢州市,衢州市开化城关小桥头片区,29.14073198741081,118.42528502481738
88757,衢州市,衢州市龙游塔石塘里村,28.997079389241737,119.19866420604271
89390,衢州市,衢州市衢江新新新星中学,28.94198308729938,118.93904421103383
90919,衢州市,衢州市城南开化县公交客运公司,29.18993794143037,118.33165006627124
88614,衢州市,衢州市龙游衢龙路商住区,29.037196177778032,119.18011075306745
89327,衢州市,衢州市柯城航埠塘下村,28.981884836458033,118.79698794381765
88429,衢州市,衢州市七里桥小区,28.95691044753569,118.87584165150854
199014,衢州市,衢州市常山招贤古县畈村(原井坞村),28.92762398605231,118.69883225131817
88061,衢州市,衢州市常山同弓胡村村(原胡村村),28.900373964828027,118.41693898869988
88856,衢州市,衢州市江山峡口峡西村,28.47498314323625,118.53858017807168
89426,衢州市,衢州市城南滨江圣地大酒店,29.133404409262265,118.41696851690028
88528,衢州市,衢州市开化塘坞团结村,29.26877645779199,118.38094900367514
215181,衢州市,衢州市新宏华府小区,28.95691044753569,118.87584165150854
88955,衢州市,衢州市开化池淮白渡村,29.075355561704203,118.31575549819186
88160,衢州市,衢州市常山青石和尚弄村(原和尚弄村),28.88643370683216,118.6160255574184
88713,衢州市,衢州市龙游詹家夏金村,29.025770361126003,119.13880343183247
91462,衢州市,衢州市柯城世纪美林小区,28.943261689930726,118.8964057672362
88812,衢州市,衢州市江山清湖花园岗村,28.581969944140962,118.60708619901152
88627,衢州市,衢州市龙游交通局宿舍,29.040731663452537,119.17559317465926
88911,衢州市,衢州市开化金村五福村,29.18470127245561,118.48385888466083
89525,衢州市,衢州市衢江区公安局.法院,28.98118730545926,118.9655973736277
91929,衢州市,衢州市衢江莲花大路口村,29.146700441168637,119.0724552848708
216359,衢州市,衢州市国网浙江江山市供电公司,28.581969944140962,118.60708619901152
89439,衢州市,衢州市城北开化县本色壹贰捌商务宾馆,29.18993794143037,118.33165006627124
88339,衢州市,衢州市常山金川十五里村(原十五里村),28.863137569289037,118.47064699169921
89071,衢州市,衢州市府东小区,28.96422156965984,118.8875072337048
91561,衢州市,衢州市常山球川红旗岗村(原黄家弄村),28.83631914838025,118.36462489444469
88438,衢州市,衢州市江山大桥芳源村,28.724852367381743,118.63207986597884
198922,衢州市,衢州市不劳神有限公司,28.95691044753569,118.87584165150854
88825,衢州市,衢州市江山碗窑协里村,28.71604346793056,118.6607603866815
91660,衢州市,衢州市常山青石山溪边村(原陈家墩村),28.93597582253072,118.60647292722165
88726,衢州市,衢州市龙游石佛西金源村,29.171840915822024,119.11759345061284
89170,衢州市,衢州市龙游湖镇湖镇本级,29.067381157766967,119.3019172279581
88537,衢州市,衢州市开化塘坞正大村,29.355341850117117,118.48061961026411
89107,衢州市,衢州市衢州市运管处,28.95691044753569,118.87584165150854
88924,衢州市,衢州市开化城关御龙家天下区,29.122157863598527,118.41224472707253
89538,衢州市,衢州市国土资源局衢江分局,28.979504137214338,118.96329034541773
89206,衢州市,衢州市龙游溪口灵上村,28.874913583495587,119.17683749756992
88636,衢州市,衢州市龙游观澜壹号,28.997079389241737,119.19866420604271
89349,衢州市,衢州市衢江全旺全旺村,28.928942043959058,119.06628874722496
88407,衢州市,衢州市上状元里,28.732864728611393,118.62351814401354
88308,衢州市,衢州市常山东苑小区西2,28.904599170242264,118.53398388923642
89080,衢州市,衢州市学苑新村,28.981069496984496,118.88507392350289
88735,衢州市,衢州市龙游塔石舒村村,28.997079389241737,119.19866420604271
89305,衢州市,衢州市衢江杜泽苏村,28.94198308729938,118.93904421103383
88834,衢州市,衢州市江山上余木车村,28.78039823836348,118.75951831487265
89448,衢州市,衢州市十里坪监狱,28.95691044753569,118.87584165150854
89404,衢州市,衢州市衢江樟潭求实路,28.983877410278343,118.9518200620257
198969,衢州市,衢州市柯城九华源口村,28.998535292057788,118.81300295479716
88182,衢州市,衢州市江山中学,28.762682489657287,118.64488438637488
88649,衢州市,衢州市龙游交易城,29.028790700244738,119.17468555192482
88506,衢州市,衢州市开化杨林号岭村,29.05661587761815,118.08511299212238
91709,衢州市,衢州市江山贺村湖前村,28.6703592258346,118.54094575873306
89503,衢州市,衢州市出入境检验检疫局,28.941112288083808,118.88173678141582
92075,衢州市,衢州市西区温州银行,28.95691044753569,118.87584165150854
88281,衢州市,衢州市江山虎山何家山村,28.723034227697564,118.62426454606154
92174,衢州市,衢州市柯城华墅后王坂村,28.88979540227344,118.73878798837143
88218,衢州市,衢州市财通证券,28.74301392422093,118.63489410532704
91808,衢州市,衢州市柯城姜家山前昏村,28.97280736869544,118.83131812705724
88748,衢州市,衢州市龙游横山下宅龙门桥自然村,29.19110153111709,119.21237327417641
88933,衢州市,衢州市开化城关石井苑,29.132657632264667,118.3965465193924
91907,衢州市,衢州市蓝天嘉苑,28.968981344166252,118.88438671170324
88605,衢州市,衢州市龙游光华厂生活区,28.997079389241737,119.19866420604271
89318,衢州市,衢州市衢江峡川峡川村,28.94198308729938,118.93904421103383
88380,衢州市,衢州市万隆度假村,28.714281649874852,118.61973000045889
89093,衢州市,衢州市书院小区亲亲,28.95691044753569,118.87584165150854
91886,衢州市,衢州市梧桐巷北美俗坊,28.964409207195597,118.87342772494291
92048,衢州市,衢州市柯城东港银仓路,28.998535292057788,118.81300295479716
88275,衢州市,衢州市江山双塔路垄村,28.581969944140962,118.60708619901152
91497,衢州市,衢州市开化马金花园村,29.306875928253017,118.42299479492046
90946,衢州市,衢州市城北开化武警中队,29.18993794143037,118.33165006627124
91659,衢州市,衢州市常山青石塘边村(原塘边村),28.92845922610003,118.63727630104715
91985,衢州市,衢州市美林小镇,28.95691044753569,118.87584165150854
88374,衢州市,衢州市雅林西苑,28.72082326385579,118.62354377266973
90883,衢州市,衢州市城北开化县自来水厂,29.18993794143037,118.33165006627124
91596,衢州市,衢州市常山芳村芳村村(原前溪村),29.054016188338352,118.6265753884767
91758,衢州市,衢州市柯城航埠下河东村,28.998535292057788,118.81300295479716
92105,衢州市,衢州市龙游溪口大垅村,29.056010693911308,119.05564315859593
92042,衢州市,衢州市柯城东港临湖北路,28.998535292057788,118.81300295479716
91695,衢州市,衢州市江东二区,28.7329751126965,118.64030689637904
88473,衢州市,衢州市江山贺村丰益村,28.6703592258346,118.54094575873306
92204,衢州市,衢州市柯城万田桥头汪村,29.010917477647425,118.87860144096656
89186,衢州市,衢州市龙游湖镇下叶村,29.062944315076518,119.26983871844466
91857,衢州市,衢州市柯城万田白渡村,29.000700095999342,118.86671320027516
90858,衢州市,衢州市江山市双塔街道办事处,28.750672185115942,118.64536274304184
92141,衢州市,衢州市常山芳村石塘村(原石塘村),29.02137493372384,118.65268860862592
199037,衢州市,衢州市常山新昌猷辂村(原外猷辂村),28.97366615553213,118.54767046744729
91956,衢州市,衢州市衢江云溪西垄村,29.047749921506917,118.99018771441247
88572,衢州市,衢州市龙游龙兰路居民区,29.06497807941693,119.3020765352538
91794,衢州市,衢州市柯城白云压潮村,28.95282914728862,118.83789539243975
90957,衢州市,衢州市旺龙宾馆,28.975004599116986,118.94488316721886
92240,衢州市,衢州市衢江大洲狮子山村,28.87868816991535,119.01494501336099
91893,衢州市,衢州市衢州市人民医院,28.944369202767735,118.86467251336066
91769,衢州市,衢州市柯城航埠刘山村,28.934399891709855,118.76535743992292
90894,衢州市,衢州市城北开化县公安局交通警察大队,29.146181778946254,118.42223716764681
89285,衢州市,衢州市柯城公园人家,28.998535292057788,118.81300295479716
88671,衢州市,衢州市龙游谷水路邮电宿舍,29.032828132601104,119.1781562711429
199010,衢州市,衢州市常山招贤高埂村(原箬溪村),28.944803670787103,118.71107181929443
216161,衢州市,衢州市城西龙游县国家税务局,29.034158197600302,119.174454123273
88179,衢州市,衢州市滨江花园,28.913711776844032,118.52045331341218
91992,衢州市,衢州市柯城黄家山底村,28.998535292057788,118.81300295479716
89384,衢州市,衢州市柯城新新童村碓村,28.948403809677448,118.92046515826135
